{"mode": "train", "epoch": 1, "iter": 50, "loss": 0.8782023787498474, "lr": 0.001}
{"mode": "train", "epoch": 1, "iter": 100, "loss": 0.7238542437553406, "lr": 0.001}
{"mode": "train", "epoch": 1, "iter": 150, "loss": 0.7030878067016602, "lr": 0.001}
{"mode": "train", "epoch": 1, "iter": 200, "loss": 0.6116797924041748, "lr": 0.001}
{"mode": "train", "epoch": 1, "iter": 250, "loss": 0.6556476354598999, "lr": 0.001}
{"mode": "train", "epoch": 1, "iter": 300, "loss": 0.7361962199211121, "lr": 0.001}
{"mode": "train", "epoch": 1, "iter": 350, "loss": 0.47191059589385986, "lr": 0.001}
{"mode": "check", "epoch": 1, "iter": 383, "train_loss": 0.7157697251197874, "val_loss": 0.6027712225914001, "train_acc": 0.8375102040816327, "val_acc": 0.829, "lr": 0.001}
{"mode": "train", "epoch": 2, "iter": 50, "loss": 0.5450114011764526, "lr": 1e-05}
{"mode": "train", "epoch": 2, "iter": 100, "loss": 0.3638916611671448, "lr": 1e-05}
{"mode": "train", "epoch": 2, "iter": 150, "loss": 0.4346216917037964, "lr": 1e-05}
{"mode": "train", "epoch": 2, "iter": 200, "loss": 0.32203537225723267, "lr": 1e-05}
{"mode": "train", "epoch": 2, "iter": 250, "loss": 0.35069793462753296, "lr": 1e-05}
{"mode": "train", "epoch": 2, "iter": 300, "loss": 0.25207990407943726, "lr": 1e-05}
{"mode": "train", "epoch": 2, "iter": 350, "loss": 0.11474480479955673, "lr": 1e-05}
{"mode": "check", "epoch": 2, "iter": 383, "train_loss": 0.32337035705619943, "val_loss": 0.3601560778915882, "train_acc": 0.9164489795918367, "val_acc": 0.896, "lr": 1e-05}
{"mode": "train", "epoch": 3, "iter": 50, "loss": 0.5049997568130493, "lr": 1e-05}
{"mode": "train", "epoch": 3, "iter": 100, "loss": 0.3206470012664795, "lr": 1e-05}
{"mode": "train", "epoch": 3, "iter": 150, "loss": 0.37301164865493774, "lr": 1e-05}
{"mode": "train", "epoch": 3, "iter": 200, "loss": 0.2499859482049942, "lr": 1e-05}
{"mode": "train", "epoch": 3, "iter": 250, "loss": 0.2980220317840576, "lr": 1e-05}
{"mode": "train", "epoch": 3, "iter": 300, "loss": 0.20032760500907898, "lr": 1e-05}
{"mode": "train", "epoch": 3, "iter": 350, "loss": 0.09355151653289795, "lr": 1e-05}
{"mode": "check", "epoch": 3, "iter": 383, "train_loss": 0.2663052462955679, "val_loss": 0.3453774265944958, "train_acc": 0.9263265306122449, "val_acc": 0.897, "lr": 1e-05}
{"mode": "train", "epoch": 4, "iter": 50, "loss": 0.4626346528530121, "lr": 1e-05}
{"mode": "train", "epoch": 4, "iter": 100, "loss": 0.26165738701820374, "lr": 1e-05}
{"mode": "train", "epoch": 4, "iter": 150, "loss": 0.32950761914253235, "lr": 1e-05}
{"mode": "train", "epoch": 4, "iter": 200, "loss": 0.2157565802335739, "lr": 1e-05}
{"mode": "train", "epoch": 4, "iter": 250, "loss": 0.26541954278945923, "lr": 1e-05}
{"mode": "train", "epoch": 4, "iter": 300, "loss": 0.1868036836385727, "lr": 1e-05}
{"mode": "train", "epoch": 4, "iter": 350, "loss": 0.06602150201797485, "lr": 1e-05}
{"mode": "check", "epoch": 4, "iter": 383, "train_loss": 0.23944484957009943, "val_loss": 0.3374600037932396, "train_acc": 0.9332448979591836, "val_acc": 0.902, "lr": 1e-05}
{"mode": "train", "epoch": 5, "iter": 50, "loss": 0.41865190863609314, "lr": 1e-05}
{"mode": "train", "epoch": 5, "iter": 100, "loss": 0.2385302186012268, "lr": 1e-05}
{"mode": "train", "epoch": 5, "iter": 150, "loss": 0.27581942081451416, "lr": 1e-05}
{"mode": "train", "epoch": 5, "iter": 200, "loss": 0.19865116477012634, "lr": 1e-05}
{"mode": "train", "epoch": 5, "iter": 250, "loss": 0.2534310221672058, "lr": 1e-05}
{"mode": "train", "epoch": 5, "iter": 300, "loss": 0.16546714305877686, "lr": 1e-05}
{"mode": "train", "epoch": 5, "iter": 350, "loss": 0.057771794497966766, "lr": 1e-05}
{"mode": "check", "epoch": 5, "iter": 383, "train_loss": 0.21774969657508575, "val_loss": 0.33172290585935116, "train_acc": 0.939530612244898, "val_acc": 0.9, "lr": 1e-05}
{"mode": "train", "epoch": 6, "iter": 50, "loss": 0.38442614674568176, "lr": 1e-05}
{"mode": "train", "epoch": 6, "iter": 100, "loss": 0.21511651575565338, "lr": 1e-05}
{"mode": "train", "epoch": 6, "iter": 150, "loss": 0.21772104501724243, "lr": 1e-05}
{"mode": "train", "epoch": 6, "iter": 200, "loss": 0.18246561288833618, "lr": 1e-05}
{"mode": "train", "epoch": 6, "iter": 250, "loss": 0.22875180840492249, "lr": 1e-05}
{"mode": "train", "epoch": 6, "iter": 300, "loss": 0.1410294473171234, "lr": 1e-05}
{"mode": "train", "epoch": 6, "iter": 350, "loss": 0.04501514509320259, "lr": 1e-05}
{"mode": "check", "epoch": 6, "iter": 383, "train_loss": 0.19672040047984832, "val_loss": 0.32934730499982834, "train_acc": 0.9442448979591836, "val_acc": 0.903, "lr": 1e-05}
{"mode": "train", "epoch": 7, "iter": 50, "loss": 0.3284686505794525, "lr": 1e-05}
{"mode": "train", "epoch": 7, "iter": 100, "loss": 0.2057092934846878, "lr": 1e-05}
{"mode": "train", "epoch": 7, "iter": 150, "loss": 0.2333446592092514, "lr": 1e-05}
{"mode": "train", "epoch": 7, "iter": 200, "loss": 0.15002460777759552, "lr": 1e-05}
{"mode": "train", "epoch": 7, "iter": 250, "loss": 0.1942048817873001, "lr": 1e-05}
{"mode": "train", "epoch": 7, "iter": 300, "loss": 0.1406453251838684, "lr": 1e-05}
{"mode": "train", "epoch": 7, "iter": 350, "loss": 0.041246164590120316, "lr": 1e-05}
{"mode": "check", "epoch": 7, "iter": 383, "train_loss": 0.17892292572803037, "val_loss": 0.3282930199056864, "train_acc": 0.9491224489795919, "val_acc": 0.904, "lr": 1e-05}
{"mode": "train", "epoch": 8, "iter": 50, "loss": 0.30724048614501953, "lr": 1e-05}
{"mode": "train", "epoch": 8, "iter": 100, "loss": 0.18460828065872192, "lr": 1e-05}
{"mode": "train", "epoch": 8, "iter": 150, "loss": 0.17854782938957214, "lr": 1e-05}
{"mode": "train", "epoch": 8, "iter": 200, "loss": 0.12790055572986603, "lr": 1e-05}
{"mode": "train", "epoch": 8, "iter": 250, "loss": 0.20948874950408936, "lr": 1e-05}
{"mode": "train", "epoch": 8, "iter": 300, "loss": 0.11442942917346954, "lr": 1e-05}
{"mode": "train", "epoch": 8, "iter": 350, "loss": 0.036657366901636124, "lr": 1e-05}
{"mode": "check", "epoch": 8, "iter": 383, "train_loss": 0.16371305224147695, "val_loss": 0.3306139763444662, "train_acc": 0.9538571428571428, "val_acc": 0.902, "lr": 1e-05}
{"mode": "train", "epoch": 9, "iter": 50, "loss": 0.25668370723724365, "lr": 1e-05}
{"mode": "train", "epoch": 9, "iter": 100, "loss": 0.15705831348896027, "lr": 1e-05}
{"mode": "train", "epoch": 9, "iter": 150, "loss": 0.16928735375404358, "lr": 1e-05}
{"mode": "train", "epoch": 9, "iter": 200, "loss": 0.1115054339170456, "lr": 1e-05}
{"mode": "train", "epoch": 9, "iter": 250, "loss": 0.17736928164958954, "lr": 1e-05}
{"mode": "train", "epoch": 9, "iter": 300, "loss": 0.11702310293912888, "lr": 1e-05}
{"mode": "train", "epoch": 9, "iter": 350, "loss": 0.030874192714691162, "lr": 1e-05}
{"mode": "check", "epoch": 9, "iter": 383, "train_loss": 0.14808121959705578, "val_loss": 0.33550148271024227, "train_acc": 0.9579591836734694, "val_acc": 0.904, "lr": 1e-05}
{"mode": "train", "epoch": 10, "iter": 50, "loss": 0.23559987545013428, "lr": 1e-05}
{"mode": "train", "epoch": 10, "iter": 100, "loss": 0.16026893258094788, "lr": 1e-05}
{"mode": "train", "epoch": 10, "iter": 150, "loss": 0.13425883650779724, "lr": 1e-05}
{"mode": "train", "epoch": 10, "iter": 200, "loss": 0.1082209050655365, "lr": 1e-05}
{"mode": "train", "epoch": 10, "iter": 250, "loss": 0.17635172605514526, "lr": 1e-05}
{"mode": "train", "epoch": 10, "iter": 300, "loss": 0.0960724800825119, "lr": 1e-05}
{"mode": "train", "epoch": 10, "iter": 350, "loss": 0.021590813994407654, "lr": 1e-05}
{"mode": "check", "epoch": 10, "iter": 383, "train_loss": 0.1318591120105733, "val_loss": 0.34195369109511375, "train_acc": 0.9622448979591837, "val_acc": 0.91, "lr": 1e-05}
{"mode": "train", "epoch": 11, "iter": 50, "loss": 0.2054630070924759, "lr": 1e-05}
{"mode": "train", "epoch": 11, "iter": 100, "loss": 0.1386941373348236, "lr": 1e-05}
{"mode": "train", "epoch": 11, "iter": 150, "loss": 0.11449558287858963, "lr": 1e-05}
{"mode": "train", "epoch": 11, "iter": 200, "loss": 0.0841226875782013,