{"mode": "train", "epoch": 1, "iter": 50, "loss": 0.8708224892616272, "lr": 0.001}
{"mode": "train", "epoch": 1, "iter": 100, "loss": 0.7131561040878296, "lr": 0.001}
{"mode": "train", "epoch": 1, "iter": 150, "loss": 0.6584190130233765, "lr": 0.001}
{"mode": "train", "epoch": 1, "iter": 200, "loss": 0.7131627798080444, "lr": 0.001}
{"mode": "train", "epoch": 1, "iter": 250, "loss": 0.5143014788627625, "lr": 0.001}
{"mode": "train", "epoch": 1, "iter": 300, "loss": 0.4424399435520172, "lr": 0.001}
{"mode": "train", "epoch": 1, "iter": 350, "loss": 0.6229956746101379, "lr": 0.001}
{"mode": "train", "epoch": 1, "iter": 400, "loss": 0.5216614603996277, "lr": 0.001}
{"mode": "train", "epoch": 1, "iter": 450, "loss": 0.5538126826286316, "lr": 0.001}
{"mode": "check", "epoch": 1, "iter": 489, "train_loss": 0.6291406346610718, "val_loss": 0.43112385272979736, "train_acc": 0.889008, "val_acc": 0.852, "lr": 0.001}
{"mode": "train", "epoch": 2, "iter": 50, "loss": 0.3852554261684418, "lr": 1e-05}
{"mode": "train", "epoch": 2, "iter": 100, "loss": 0.4098746180534363, "lr": 1e-05}
{"mode": "train", "epoch": 2, "iter": 150, "loss": 0.3294486999511719, "lr": 1e-05}
{"mode": "train", "epoch": 2, "iter": 200, "loss": 0.3292894661426544, "lr": 1e-05}
{"mode": "train", "epoch": 2, "iter": 250, "loss": 0.29572373628616333, "lr": 1e-05}
{"mode": "train", "epoch": 2, "iter": 300, "loss": 0.2158910185098648, "lr": 1e-05}
{"mode": "train", "epoch": 2, "iter": 350, "loss": 0.2999284863471985, "lr": 1e-05}
{"mode": "train", "epoch": 2, "iter": 400, "loss": 0.24858902394771576, "lr": 1e-05}
{"mode": "train", "epoch": 2, "iter": 450, "loss": 0.14389243721961975, "lr": 1e-05}
{"mode": "check", "epoch": 2, "iter": 489, "train_loss": 0.2749017320939003, "val_loss": 0.3083326742053032, "train_acc": 0.928272, "val_acc": 0.893, "lr": 1e-05}
{"mode": "train", "epoch": 3, "iter": 50, "loss": 0.323106586933136, "lr": 1e-05}
{"mode": "train", "epoch": 3, "iter": 100, "loss": 0.34978771209716797, "lr": 1e-05}
{"mode": "train", "epoch": 3, "iter": 150, "loss": 0.26831454038619995, "lr": 1e-05}
{"mode": "train", "epoch": 3, "iter": 200, "loss": 0.2857046127319336, "lr": 1e-05}
{"mode": "train", "epoch": 3, "iter": 250, "loss": 0.2479594647884369, "lr": 1e-05}
{"mode": "train", "epoch": 3, "iter": 300, "loss": 0.18802285194396973, "lr": 1e-05}
{"mode": "train", "epoch": 3, "iter": 350, "loss": 0.2512573003768921, "lr": 1e-05}
{"mode": "train", "epoch": 3, "iter": 400, "loss": 0.20019769668579102, "lr": 1e-05}
{"mode": "train", "epoch": 3, "iter": 450, "loss": 0.1380247175693512, "lr": 1e-05}
{"mode": "check", "epoch": 3, "iter": 489, "train_loss": 0.23181277483031307, "val_loss": 0.290757792070508, "train_acc": 0.935248, "val_acc": 0.902, "lr": 1e-05}
{"mode": "train", "epoch": 4, "iter": 50, "loss": 0.30449599027633667, "lr": 1e-05}
{"mode": "train", "epoch": 4, "iter": 100, "loss": 0.3399867117404938, "lr": 1e-05}
{"mode": "train", "epoch": 4, "iter": 150, "loss": 0.2487994134426117, "lr": 1e-05}
{"mode": "train", "epoch": 4, "iter": 200, "loss": 0.27725040912628174, "lr": 1e-05}
{"mode": "train", "epoch": 4, "iter": 250, "loss": 0.22068698704242706, "lr": 1e-05}
{"mode": "train", "epoch": 4, "iter": 300, "loss": 0.17118246853351593, "lr": 1e-05}
{"mode": "train", "epoch": 4, "iter": 350, "loss": 0.24028412997722626, "lr": 1e-05}
{"mode": "train", "epoch": 4, "iter": 400, "loss": 0.2072743922472, "lr": 1e-05}
{"mode": "train", "epoch": 4, "iter": 450, "loss": 0.1252424567937851, "lr": 1e-05}
{"mode": "check", "epoch": 4, "iter": 489, "train_loss": 0.21121054235274442, "val_loss": 0.2791472990065813, "train_acc": 0.941168, "val_acc": 0.908, "lr": 1e-05}
{"mode": "train", "epoch": 5, "iter": 50, "loss": 0.26614341139793396, "lr": 1e-05}
{"mode": "train", "epoch": 5, "iter": 100, "loss": 0.27862727642059326, "lr": 1e-05}
{"mode": "train", "epoch": 5, "iter": 150, "loss": 0.23293109238147736, "lr": 1e-05}
{"mode": "train", "epoch": 5, "iter": 200, "loss": 0.26072385907173157, "lr": 1e-05}
{"mode": "train", "epoch": 5, "iter": 250, "loss": 0.17922568321228027, "lr": 1e-05}
{"mode": "train", "epoch": 5, "iter": 300, "loss": 0.14342698454856873, "lr": 1e-05}
{"mode": "train", "epoch": 5, "iter": 350, "loss": 0.224396750330925, "lr": 1e-05}
{"mode": "train", "epoch": 5, "iter": 400, "loss": 0.1460084319114685, "lr": 1e-05}
{"mode": "train", "epoch": 5, "iter": 450, "loss": 0.10437220335006714, "lr": 1e-05}
{"mode": "check", "epoch": 5, "iter": 489, "train_loss": 0.19389746317179046, "val_loss": 0.2716122828423977, "train_acc": 0.94568, "val_acc": 0.911, "lr": 1e-05}
{"mode": "train", "epoch": 6, "iter": 50, "loss": 0.21956828236579895, "lr": 1e-05}
{"mode": "train", "epoch": 6, "iter": 100, "loss": 0.2704405188560486, "lr": 1e-05}
{"mode": "train", "epoch": 6, "iter": 150, "loss": 0.2182997614145279, "lr": 1e-05}
{"mode": "train", "epoch": 6, "iter": 200, "loss": 0.24921737611293793, "lr": 1e-05}
{"mode": "train", "epoch": 6, "iter": 250, "loss": 0.15680964291095734, "lr": 1e-05}
{"mode": "train", "epoch": 6, "iter": 300, "loss": 0.12176842987537384, "lr": 1e-05}
{"mode": "train", "epoch": 6, "iter": 350, "loss": 0.20444677770137787, "lr": 1e-05}
{"mode": "train", "epoch": 6, "iter": 400, "loss": 0.16956429183483124, "lr": 1e-05}
{"mode": "train", "epoch": 6, "iter": 450, "loss": 0.09417756646871567, "lr": 1e-05}
{"mode": "check", "epoch": 6, "iter": 489, "train_loss": 0.17914948232685252, "val_loss": 0.26687001436948776, "train_acc": 0.94984, "val_acc": 0.911, "lr": 1e-05}
{"mode": "train", "epoch": 7, "iter": 50, "loss": 0.2095169574022293, "lr": 1e-05}
{"mode": "train", "epoch": 7, "iter": 100, "loss": 0.2599667012691498, "lr": 1e-05}
{"mode": "train", "epoch": 7, "iter": 150, "loss": 0.16910816729068756, "lr": 1e-05}
{"mode": "train", "epoch": 7, "iter": 200, "loss": 0.21275785565376282, "lr": 1e-05}
{"mode": "train", "epoch": 7, "iter": 250, "loss": 0.14148274064064026, "lr": 1e-05}
{"mode": "train", "epoch": 7, "iter": 300, "loss": 0.12161817401647568, "lr": 1e-05}
{"mode": "train", "epoch": 7, "iter": 350, "loss": 0.16890773177146912, "lr": 1e-05}
{"mode": "train", "epoch": 7, "iter": 400, "loss": 0.1504361927509308, "lr": 1e-05}
{"mode": "train", "epoch": 7, "iter": 450, "loss": 0.0840359628200531, "lr": 1e-05}
{"mode": "check", "epoch": 7, "iter": 489, "train_loss": 0.164799210293588, "val_loss": 0.2652434539049864, "train_acc": 0.953632, "val_acc": 0.911, "lr": 1e-05}
{"mode": "train", "epoch": 8, "iter": 50, "loss": 0.1767275184392929, "lr": 1e-05}
{"mode": "train", "epoch": 8, "iter": 100, "loss": 0.23272763192653656, "lr": 1e-05}
{"mode": "train", "epoch": 8, "iter": 150, "loss": 0.17952695488929749, "lr": 1e-05}
{"mode": "train", "epoch": 8, "iter": 200, "loss": 0.19351324439048767, "lr": 1e-05}
{"mode": "train", "epoch": 8, "iter": 250, "loss": 0.13802868127822876, "lr": 1e-05}
{"mode": "train", "epoch": 8, "iter": 300, "loss": 0.12614482641220093, "lr": 1e-05}
{"mode": "train", "epoch": 8, "iter": 350, "loss": 0.16363157331943512, "lr": 1e-05}
{"mode": "train", "epoch": 8, "iter": 400, "loss": 0.11732426285743713, "lr": 1e-05}
{"mode": "train", "epoch": 8, "iter": 450, "loss": 0.08419612795114517, "lr": 1e-05}
{"mode": "check", "epoch": 8, "iter": 489, "train_loss": 0.15072772740662585, "val_loss": 0.26281166449189186, "train_acc": 0.956944, "val_acc": 0.912, "lr": 1e-05}
{"mode": "train", "epoch": 9, "iter": 50, "loss": 0.15180885791778564, "lr": 1e-05}
{"mode": "train", "epoch": 9, "iter": 100, "loss": 0.20507335662841797, "lr": 1e-05}
{"mode": "train", "epoch": 9, "iter": 150, "loss": 0.16221217811107635, "lr": 1e-05}
{"mode": "train", "epoch": 9, "iter": 200, "loss": 0.17843368649482727, "lr": 1e-05}
{"mode": "train", "epoch": 9, "iter": 250, "loss": 0.12454473972320557, "lr": 1e-05}
{"mode": "train", "epoch": 9, "iter": 300, "loss": 0.11404947191476822, "lr": 1e-05}
{"mode": "train", "epoch": 9, "iter": 350, "loss": 0.12795351445674896, "lr": 1e-05}
{"mode": "train",