{"mode": "train", "epoch": 1, "iter": 50, "loss": 0.8848235607147217, "lr": 0.001}
{"mode": "train", "epoch": 1, "iter": 100, "loss": 0.5190454721450806, "lr": 0.001}
{"mode": "train", "epoch": 1, "iter": 150, "loss": 0.59931480884552, "lr": 0.001}
{"mode": "train", "epoch": 1, "iter": 200, "loss": 0.6386392116546631, "lr": 0.001}
{"mode": "train", "epoch": 1, "iter": 250, "loss": 0.6473661661148071, "lr": 0.001}
{"mode": "train", "epoch": 1, "iter": 300, "loss": 0.47641846537590027, "lr": 0.001}
{"mode": "train", "epoch": 1, "iter": 350, "loss": 0.6516414880752563, "lr": 0.001}
{"mode": "train", "epoch": 1, "iter": 400, "loss": 0.4295598566532135, "lr": 0.001}
{"mode": "train", "epoch": 1, "iter": 450, "loss": 0.45011743903160095, "lr": 0.001}
{"mode": "check", "epoch": 1, "iter": 454, "train_loss": 0.658339145818996, "val_loss": 0.5107514150440693, "train_acc": 0.8753275862068965, "val_acc": 0.832, "lr": 0.001}
{"mode": "train", "epoch": 2, "iter": 50, "loss": 0.2989232838153839, "lr": 1e-05}
{"mode": "train", "epoch": 2, "iter": 100, "loss": 0.33022788166999817, "lr": 1e-05}
{"mode": "train", "epoch": 2, "iter": 150, "loss": 0.3469659090042114, "lr": 1e-05}
{"mode": "train", "epoch": 2, "iter": 200, "loss": 0.36783918738365173, "lr": 1e-05}
{"mode": "train", "epoch": 2, "iter": 250, "loss": 0.38953977823257446, "lr": 1e-05}
{"mode": "train", "epoch": 2, "iter": 300, "loss": 0.24572694301605225, "lr": 1e-05}
{"mode": "train", "epoch": 2, "iter": 350, "loss": 0.3835808038711548, "lr": 1e-05}
{"mode": "train", "epoch": 2, "iter": 400, "loss": 0.21502450108528137, "lr": 1e-05}
{"mode": "train", "epoch": 2, "iter": 450, "loss": 0.17707879841327667, "lr": 1e-05}
{"mode": "check", "epoch": 2, "iter": 454, "train_loss": 0.304728307584834, "val_loss": 0.3763085659593344, "train_acc": 0.9216379310344828, "val_acc": 0.882, "lr": 1e-05}
{"mode": "train", "epoch": 3, "iter": 50, "loss": 0.2686455249786377, "lr": 1e-05}
{"mode": "train", "epoch": 3, "iter": 100, "loss": 0.2788688540458679, "lr": 1e-05}
{"mode": "train", "epoch": 3, "iter": 150, "loss": 0.3082953989505768, "lr": 1e-05}
{"mode": "train", "epoch": 3, "iter": 200, "loss": 0.3182351589202881, "lr": 1e-05}
{"mode": "train", "epoch": 3, "iter": 250, "loss": 0.3381763994693756, "lr": 1e-05}
{"mode": "train", "epoch": 3, "iter": 300, "loss": 0.22374597191810608, "lr": 1e-05}
{"mode": "train", "epoch": 3, "iter": 350, "loss": 0.3660973012447357, "lr": 1e-05}
{"mode": "train", "epoch": 3, "iter": 400, "loss": 0.1765774041414261, "lr": 1e-05}
{"mode": "train", "epoch": 3, "iter": 450, "loss": 0.1492406576871872, "lr": 1e-05}
{"mode": "check", "epoch": 3, "iter": 454, "train_loss": 0.24784843445579124, "val_loss": 0.3639621790498495, "train_acc": 0.9306724137931035, "val_acc": 0.884, "lr": 1e-05}
{"mode": "train", "epoch": 4, "iter": 50, "loss": 0.22147728502750397, "lr": 1e-05}
{"mode": "train", "epoch": 4, "iter": 100, "loss": 0.2722550928592682, "lr": 1e-05}
{"mode": "train", "epoch": 4, "iter": 150, "loss": 0.307186484336853, "lr": 1e-05}
{"mode": "train", "epoch": 4, "iter": 200, "loss": 0.27124321460723877, "lr": 1e-05}
{"mode": "train", "epoch": 4, "iter": 250, "loss": 0.2863459885120392, "lr": 1e-05}
{"mode": "train", "epoch": 4, "iter": 300, "loss": 0.19302186369895935, "lr": 1e-05}
{"mode": "train", "epoch": 4, "iter": 350, "loss": 0.3170436918735504, "lr": 1e-05}
{"mode": "train", "epoch": 4, "iter": 400, "loss": 0.1490022987127304, "lr": 1e-05}
{"mode": "train", "epoch": 4, "iter": 450, "loss": 0.1424131691455841, "lr": 1e-05}
{"mode": "check", "epoch": 4, "iter": 454, "train_loss": 0.22428807043490956, "val_loss": 0.35671284422278404, "train_acc": 0.9369827586206897, "val_acc": 0.889, "lr": 1e-05}
{"mode": "train", "epoch": 5, "iter": 50, "loss": 0.17590275406837463, "lr": 1e-05}
{"mode": "train", "epoch": 5, "iter": 100, "loss": 0.25693821907043457, "lr": 1e-05}
{"mode": "train", "epoch": 5, "iter": 150, "loss": 0.2727997601032257, "lr": 1e-05}
{"mode": "train", "epoch": 5, "iter": 200, "loss": 0.255770206451416, "lr": 1e-05}
{"mode": "train", "epoch": 5, "iter": 250, "loss": 0.24352405965328217, "lr": 1e-05}
{"mode": "train", "epoch": 5, "iter": 300, "loss": 0.17877624928951263, "lr": 1e-05}
{"mode": "train", "epoch": 5, "iter": 350, "loss": 0.2851041555404663, "lr": 1e-05}
{"mode": "train", "epoch": 5, "iter": 400, "loss": 0.13707105815410614, "lr": 1e-05}
{"mode": "train", "epoch": 5, "iter": 450, "loss": 0.12893009185791016, "lr": 1e-05}
{"mode": "check", "epoch": 5, "iter": 454, "train_loss": 0.20282671335543043, "val_loss": 0.3528500273823738, "train_acc": 0.9430172413793103, "val_acc": 0.897, "lr": 1e-05}
{"mode": "train", "epoch": 6, "iter": 50, "loss": 0.15989872813224792, "lr": 1e-05}
{"mode": "train", "epoch": 6, "iter": 100, "loss": 0.24812138080596924, "lr": 1e-05}
{"mode": "train", "epoch": 6, "iter": 150, "loss": 0.27516141533851624, "lr": 1e-05}
{"mode": "train", "epoch": 6, "iter": 200, "loss": 0.24581649899482727, "lr": 1e-05}
{"mode": "train", "epoch": 6, "iter": 250, "loss": 0.20829911530017853, "lr": 1e-05}
{"mode": "train", "epoch": 6, "iter": 300, "loss": 0.1830194741487503, "lr": 1e-05}
{"mode": "train", "epoch": 6, "iter": 350, "loss": 0.24377276003360748, "lr": 1e-05}
{"mode": "train", "epoch": 6, "iter": 400, "loss": 0.10776138305664062, "lr": 1e-05}
{"mode": "train", "epoch": 6, "iter": 450, "loss": 0.137902170419693, "lr": 1e-05}
{"mode": "check", "epoch": 6, "iter": 454, "train_loss": 0.1862273336622027, "val_loss": 0.35113367065787315, "train_acc": 0.9476379310344828, "val_acc": 0.899, "lr": 1e-05}
{"mode": "train", "epoch": 7, "iter": 50, "loss": 0.13885913789272308, "lr": 1e-05}
{"mode": "train", "epoch": 7, "iter": 100, "loss": 0.2101837396621704, "lr": 1e-05}
{"mode": "train", "epoch": 7, "iter": 150, "loss": 0.25426745414733887, "lr": 1e-05}
{"mode": "train", "epoch": 7, "iter": 200, "loss": 0.20270878076553345, "lr": 1e-05}
{"mode": "train", "epoch": 7, "iter": 250, "loss": 0.20105013251304626, "lr": 1e-05}
{"mode": "train", "epoch": 7, "iter": 300, "loss": 0.1645052134990692, "lr": 1e-05}
{"mode": "train", "epoch": 7, "iter": 350, "loss": 0.244532972574234, "lr": 1e-05}
{"mode": "train", "epoch": 7, "iter": 400, "loss": 0.11122304201126099, "lr": 1e-05}
{"mode": "train", "epoch": 7, "iter": 450, "loss": 0.11065804958343506, "lr": 1e-05}
{"mode": "check", "epoch": 7, "iter": 454, "train_loss": 0.17036295027804402, "val_loss": 0.3514215387403965, "train_acc": 0.9523275862068965, "val_acc": 0.902, "lr": 1e-05}
{"mode": "train", "epoch": 8, "iter": 50, "loss": 0.12737616896629333, "lr": 1e-05}
{"mode": "train", "epoch": 8, "iter": 100, "loss": 0.22608324885368347, "lr": 1e-05}
{"mode": "train", "epoch": 8, "iter": 150, "loss": 0.24364471435546875, "lr": 1e-05}
{"mode": "train", "epoch": 8, "iter": 200, "loss": 0.21403218805789948, "lr": 1e-05}
{"mode": "train", "epoch": 8, "iter": 250, "loss": 0.16998602449893951, "lr": 1e-05}
{"mode": "train", "epoch": 8, "iter": 300, "loss": 0.15406768023967743, "lr": 1e-05}
{"mode": "train", "epoch": 8, "iter": 350, "loss": 0.21920479834079742, "lr": 1e-05}
{"mode": "train", "epoch": 8, "iter": 400, "loss": 0.08379171788692474, "lr": 1e-05}
{"mode": "train", "epoch": 8, "iter": 450, "loss": 0.10635943710803986, "lr": 1e-05}
{"mode": "check", "epoch": 8, "iter": 454, "train_loss": 0.15603197380769096, "val_loss": 0.35399880819022655, "train_acc": 0.9561724137931035, "val_acc": 0.905, "lr": 1e-05}
{"mode": "train", "epoch": 9, "iter": 50, "loss": 0.10773598402738571, "lr": 1e-05}
{"mode": "train", "epoch": 9, "iter": 100, "loss": 0.20244772732257843, "lr": 1e-05}
{"mode": "train", "epoch": 9, "iter": 150, "loss": 0.23778164386749268, "lr": 1e-05}
{"mode": "train", "epoch": 9, "iter": 200, "loss": 0.17193087935447693, "lr": 1e-05}
{"mode": "train", "epoch": 9, "iter": 250, "loss": 0.1367437243461609, "lr": 1e-05}
{"mode": "train", "epoch": 9, "iter": 300, "loss": 0.1336858868598938, "lr": 1e-05}
{"mode": "train", "epoch": 9,