{"mode": "train", "epoch": 1, "iter": 50, "loss": 0.688804566860199, "lr": 0.001}
{"mode": "train", "epoch": 1, "iter": 100, "loss": 0.8848044276237488, "lr": 0.001}
{"mode": "train", "epoch": 1, "iter": 150, "loss": 0.608546793460846, "lr": 0.001}
{"mode": "train", "epoch": 1, "iter": 200, "loss": 0.48049435019493103, "lr": 0.001}
{"mode": "train", "epoch": 1, "iter": 250, "loss": 0.5481487512588501, "lr": 0.001}
{"mode": "train", "epoch": 1, "iter": 300, "loss": 0.5934038162231445, "lr": 0.001}
{"mode": "train", "epoch": 1, "iter": 350, "loss": 0.5381731986999512, "lr": 0.001}
{"mode": "train", "epoch": 1, "iter": 400, "loss": 0.570174515247345, "lr": 0.001}
{"mode": "check", "epoch": 1, "iter": 418, "train_loss": 0.6938324000276447, "val_loss": 0.5531601682305336, "train_acc": 0.867177570093458, "val_acc": 0.814, "lr": 0.001}
{"mode": "train", "epoch": 2, "iter": 50, "loss": 0.46999603509902954, "lr": 1e-05}
{"mode": "train", "epoch": 2, "iter": 100, "loss": 0.29940056800842285, "lr": 1e-05}
{"mode": "train", "epoch": 2, "iter": 150, "loss": 0.2192525714635849, "lr": 1e-05}
{"mode": "train", "epoch": 2, "iter": 200, "loss": 0.31926229596138, "lr": 1e-05}
{"mode": "train", "epoch": 2, "iter": 250, "loss": 0.17555944621562958, "lr": 1e-05}
{"mode": "train", "epoch": 2, "iter": 300, "loss": 0.3322713077068329, "lr": 1e-05}
{"mode": "train", "epoch": 2, "iter": 350, "loss": 0.22654251754283905, "lr": 1e-05}
{"mode": "train", "epoch": 2, "iter": 400, "loss": 0.2373717576265335, "lr": 1e-05}
{"mode": "check", "epoch": 2, "iter": 418, "train_loss": 0.3036528932795142, "val_loss": 0.35929784551262856, "train_acc": 0.9217009345794392, "val_acc": 0.884, "lr": 1e-05}
{"mode": "train", "epoch": 3, "iter": 50, "loss": 0.40819045901298523, "lr": 1e-05}
{"mode": "train", "epoch": 3, "iter": 100, "loss": 0.2399795949459076, "lr": 1e-05}
{"mode": "train", "epoch": 3, "iter": 150, "loss": 0.18782398104667664, "lr": 1e-05}
{"mode": "train", "epoch": 3, "iter": 200, "loss": 0.28664883971214294, "lr": 1e-05}
{"mode": "train", "epoch": 3, "iter": 250, "loss": 0.14494271576404572, "lr": 1e-05}
{"mode": "train", "epoch": 3, "iter": 300, "loss": 0.26381194591522217, "lr": 1e-05}
{"mode": "train", "epoch": 3, "iter": 350, "loss": 0.2197960615158081, "lr": 1e-05}
{"mode": "train", "epoch": 3, "iter": 400, "loss": 0.1978064477443695, "lr": 1e-05}
{"mode": "check", "epoch": 3, "iter": 418, "train_loss": 0.255476477275197, "val_loss": 0.3406083770096302, "train_acc": 0.9298504672897197, "val_acc": 0.893, "lr": 1e-05}
{"mode": "train", "epoch": 4, "iter": 50, "loss": 0.3464801609516144, "lr": 1e-05}
{"mode": "train", "epoch": 4, "iter": 100, "loss": 0.24149532616138458, "lr": 1e-05}
{"mode": "train", "epoch": 4, "iter": 150, "loss": 0.16449731588363647, "lr": 1e-05}
{"mode": "train", "epoch": 4, "iter": 200, "loss": 0.26680904626846313, "lr": 1e-05}
{"mode": "train", "epoch": 4, "iter": 250, "loss": 0.11920139193534851, "lr": 1e-05}
{"mode": "train", "epoch": 4, "iter": 300, "loss": 0.21462808549404144, "lr": 1e-05}
{"mode": "train", "epoch": 4, "iter": 350, "loss": 0.1970306783914566, "lr": 1e-05}
{"mode": "train", "epoch": 4, "iter": 400, "loss": 0.1991194486618042, "lr": 1e-05}
{"mode": "check", "epoch": 4, "iter": 418, "train_loss": 0.2311247444430892, "val_loss": 0.33114616945385933, "train_acc": 0.9357570093457944, "val_acc": 0.897, "lr": 1e-05}
{"mode": "train", "epoch": 5, "iter": 50, "loss": 0.31826719641685486, "lr": 1e-05}
{"mode": "train", "epoch": 5, "iter": 100, "loss": 0.19064903259277344, "lr": 1e-05}
{"mode": "train", "epoch": 5, "iter": 150, "loss": 0.16696013510227203, "lr": 1e-05}
{"mode": "train", "epoch": 5, "iter": 200, "loss": 0.22567212581634521, "lr": 1e-05}
{"mode": "train", "epoch": 5, "iter": 250, "loss": 0.10355544835329056, "lr": 1e-05}
{"mode": "train", "epoch": 5, "iter": 300, "loss": 0.19789639115333557, "lr": 1e-05}
{"mode": "train", "epoch": 5, "iter": 350, "loss": 0.19129452109336853, "lr": 1e-05}
{"mode": "train", "epoch": 5, "iter": 400, "loss": 0.16990844905376434, "lr": 1e-05}
{"mode": "check", "epoch": 5, "iter": 418, "train_loss": 0.21240959771013146, "val_loss": 0.32502711191773415, "train_acc": 0.9409719626168225, "val_acc": 0.896, "lr": 1e-05}
{"mode": "train", "epoch": 6, "iter": 50, "loss": 0.31861624121665955, "lr": 1e-05}
{"mode": "train", "epoch": 6, "iter": 100, "loss": 0.17066015303134918, "lr": 1e-05}
{"mode": "train", "epoch": 6, "iter": 150, "loss": 0.14489872753620148, "lr": 1e-05}
{"mode": "train", "epoch": 6, "iter": 200, "loss": 0.20185542106628418, "lr": 1e-05}
{"mode": "train", "epoch": 6, "iter": 250, "loss": 0.10521584749221802, "lr": 1e-05}
{"mode": "train", "epoch": 6, "iter": 300, "loss": 0.17604228854179382, "lr": 1e-05}
{"mode": "train", "epoch": 6, "iter": 350, "loss": 0.1806117445230484, "lr": 1e-05}
{"mode": "train", "epoch": 6, "iter": 400, "loss": 0.1661062389612198, "lr": 1e-05}
{"mode": "check", "epoch": 6, "iter": 418, "train_loss": 0.1952350646676273, "val_loss": 0.3215599302202463, "train_acc": 0.9462056074766355, "val_acc": 0.895, "lr": 1e-05}
{"mode": "train", "epoch": 7, "iter": 50, "loss": 0.25930601358413696, "lr": 1e-05}
{"mode": "train", "epoch": 7, "iter": 100, "loss": 0.16852505505084991, "lr": 1e-05}
{"mode": "train", "epoch": 7, "iter": 150, "loss": 0.12400135397911072, "lr": 1e-05}
{"mode": "train", "epoch": 7, "iter": 200, "loss": 0.19296693801879883, "lr": 1e-05}
{"mode": "train", "epoch": 7, "iter": 250, "loss": 0.07659120112657547, "lr": 1e-05}
{"mode": "train", "epoch": 7, "iter": 300, "loss": 0.16051694750785828, "lr": 1e-05}
{"mode": "train", "epoch": 7, "iter": 350, "loss": 0.1674758940935135, "lr": 1e-05}
{"mode": "train", "epoch": 7, "iter": 400, "loss": 0.14179587364196777, "lr": 1e-05}
{"mode": "check", "epoch": 7, "iter": 418, "train_loss": 0.17960145667141847, "val_loss": 0.31913664378225803, "train_acc": 0.9503364485981308, "val_acc": 0.9, "lr": 1e-05}
{"mode": "train", "epoch": 8, "iter": 50, "loss": 0.22717216610908508, "lr": 1e-05}
{"mode": "train", "epoch": 8, "iter": 100, "loss": 0.12919490039348602, "lr": 1e-05}
{"mode": "train", "epoch": 8, "iter": 150, "loss": 0.13691779971122742, "lr": 1e-05}
{"mode": "train", "epoch": 8, "iter": 200, "loss": 0.1930147260427475, "lr": 1e-05}
{"mode": "train", "epoch": 8, "iter": 250, "loss": 0.06722516566514969, "lr": 1e-05}
{"mode": "train", "epoch": 8, "iter": 300, "loss": 0.1365947723388672, "lr": 1e-05}
{"mode": "train", "epoch": 8, "iter": 350, "loss": 0.15869101881980896, "lr": 1e-05}
{"mode": "train", "epoch": 8, "iter": 400, "loss": 0.13314507901668549, "lr": 1e-05}
{"mode": "check", "epoch": 8, "iter": 418, "train_loss": 0.16477802948821246, "val_loss": 0.3212293051183224, "train_acc": 0.9542803738317757, "val_acc": 0.902, "lr": 1e-05}
{"mode": "train", "epoch": 9, "iter": 50, "loss": 0.23001998662948608, "lr": 1e-05}
{"mode": "train", "epoch": 9, "iter": 100, "loss": 0.12710364162921906, "lr": 1e-05}
{"mode": "train", "epoch": 9, "iter": 150, "loss": 0.10385329276323318, "lr": 1e-05}
{"mode": "train", "epoch": 9, "iter": 200, "loss": 0.15492841601371765, "lr": 1e-05}
{"mode": "train", "epoch": 9, "iter": 250, "loss": 0.051951318979263306, "lr": 1e-05}
{"mode": "train", "epoch": 9, "iter": 300, "loss": 0.12729932367801666, "lr": 1e-05}
{"mode": "train", "epoch": 9, "iter": 350, "loss": 0.13367478549480438, "lr": 1e-05}
{"mode": "train", "epoch": 9, "iter": 400, "loss": 0.11921999603509903, "lr": 1e-05}
{"mode": "check", "epoch": 9, "iter": 418, "train_loss": 0.15066745860778402, "val_loss": 0.3239981420338154, "train_acc": 0.958411214953271, "val_acc": 0.904, "lr": 1e-05}
{"mode": "train", "epoch": 10, "iter": 50, "loss": 0.20128676295280457, "lr": 1e-05}
{"mode": "train", "epoch": 10, "iter": 100, "loss": 0.115911103785038, "lr": 1e-05}
{"mode": "train", "epoch": 10, "iter": 150, "loss": 0.10438350588083267, "lr": 1e-05}
{"mode": "train", "epoch": 10, "iter": 200, "loss": 0.14540015161037445,